group_key,domain,category,market_type,leaf_id,price_min,price_max,h_min,h_max,direction,q_smooth,edge_lower_bound_valid,rule_score,n_train,n_valid,n_test,n_full,q_train,p_train,edge_train,edge_std_train,q_valid,p_valid,edge_valid,edge_std_valid,q_test,p_test,edge_test
kick.com|SPORTS|over_under,kick.com,SPORTS,over_under,184290280833223,0.5,0.6,4,6,1,0.875,0.41395984884725756,2.9704647528861816,88,48,0,136,0.875,0.5292102272727273,0.34578977272727274,0.6939713767342373,1.0,0.5119375,0.48806249999999995,0.976614312947557,,,
nba.com.total|SPORTS|no_yes,nba.com.total,SPORTS,no_yes,131043029913960,0.4,0.5,2,4,-1,0.006756756756756757,0.3849844028554004,2.828589190636268,148,60,0,208,0.006756756756756757,0.4437128378378378,0.4369560810810811,0.8797122267374402,0.0,0.4451583333333333,0.4451583333333333,0.8964956834590507,,,
kick.com|SPORTS|over_under,kick.com,SPORTS,over_under,45670731956162,0.5,0.6,6,12,1,0.8333333333333334,0.3997629607496077,2.6345138560847827,84,40,0,124,0.8333333333333334,0.5233154761904762,0.3100178571428571,0.6220183155588496,1.0,0.5126125,0.4873875,0.9753253453315182,,,
kick.com|SPORTS|over_under,kick.com,SPORTS,over_under,274332656063899,0.4,0.5,4,6,-1,0.225,0.3952555686373501,2.4938018996771985,280,54,0,334,0.225,0.4928214285714286,0.26782142857142854,0.5361449206014082,0.018518518518518517,0.4929722222222222,0.47445370370370366,0.9491111875292391,,,
kick.com|SPORTS|over_under,kick.com,SPORTS,over_under,181477864635554,0.5,0.6,12,24,1,0.7808219178082192,0.3840850349568605,2.3434602070516335,73,34,0,107,0.7808219178082192,0.5250684931506849,0.25575342465753426,0.5129474442733135,1.0,0.5143970588235294,0.4856029411764706,0.9718666188724098,,,
UNKNOWN|POLITICS|no_yes,UNKNOWN,POLITICS,no_yes,34571506123955,0.3,0.4,6,12,1,0.6405228758169934,0.37988043031731317,2.087721771413176,153,17,5,175,0.6405228758169934,0.3522679738562091,0.2882549019607843,0.6073235714758054,0.9411764705882353,0.3502941176470588,0.5908823529411764,1.2389300650861885,0.6,0.376,0.22399999999999998
nba.com.total|SPORTS|no_yes,nba.com.total,SPORTS,no_yes,99439550915851,0.4,0.5,1,2,-1,0.011627906976744186,0.3507363398421535,2.0597973561383007,86,37,0,123,0.011627906976744186,0.4443953488372093,0.4327674418604651,0.8711857206210656,0.0,0.4447972972972973,0.4447972972972973,0.8956940672195931,,,
UNKNOWN|POLITICS|no_yes,UNKNOWN,POLITICS,no_yes,160612405264509,0.3,0.4,12,24,1,0.64,0.37813284798549396,2.046754150858994,150,24,4,178,0.64,0.3517166666666667,0.28828333333333334,0.6057328729692676,0.9166666666666666,0.363375,0.5532916666666666,1.1481810293429016,0.75,0.33625,0.41375
nba.com.total|SPORTS|no_yes,nba.com.total,SPORTS,no_yes,224263475538271,0.5,0.6,2,4,1,0.9516129032258065,0.33776150554509576,1.8905680894180499,62,34,0,96,0.9516129032258065,0.5504112903225807,0.40120161290322576,0.807406013298059,1.0,0.5607205882352941,0.43927941176470586,0.8855048568614519,,,
UNKNOWN|POLITICS|no_yes,UNKNOWN,POLITICS,no_yes,221854332240754,0.3,0.4,4,6,1,0.5583333333333333,0.3516760663197013,1.8100688229989779,120,16,6,142,0.5583333333333333,0.3526416666666667,0.20569166666666666,0.42996486607962103,0.9375,0.36503125000000003,0.57246875,1.1944696369216539,0.6666666666666666,0.3575,0.30916666666666665
liquipedia.net/valorant|SPORTS|other,liquipedia.net/valorant,SPORTS,other,197864802401073,0.5,0.6,2,4,1,0.9807692307692307,0.3299746813965132,1.7444999040039426,52,29,0,81,0.9807692307692307,0.5317307692307692,0.4490384615384615,0.9010382735004477,1.0,0.553051724137931,0.446948275862069,0.8990947686648775,,,
nba.com.total|SPORTS|no_yes,nba.com.total,SPORTS,no_yes,186138013909986,0.5,0.6,1,2,1,1.0,0.32276351062760666,1.6695174334754763,41,28,1,70,1.0,0.5530975609756098,0.4469024390243902,0.8989408985391629,1.0,0.5565892857142857,0.4434107142857143,0.8927742646066361,1.0,0.536,0.46399999999999997
UNKNOWN|POLITICS|no_yes,UNKNOWN,POLITICS,no_yes,209646623196741,0.5,0.6,6,12,1,0.7553956834532374,0.3156035060468213,1.5688673090903869,139,25,6,170,0.7553956834532374,0.5497841726618705,0.20561151079136686,0.4140946950614141,1.0,0.5512,0.4488,0.903318196671126,0.5,0.5383333333333334,-0.03833333333333344
UNKNOWN|POLITICS|no_yes,UNKNOWN,POLITICS,no_yes,74338963924313,0.4,0.5,6,12,1,0.6590909090909091,0.3245783300265357,1.5191983607138602,132,28,5,165,0.6590909090909091,0.4524469696969697,0.20664393939393938,0.4162779807180942,0.9285714285714286,0.4489642857142857,0.4796071428571429,0.966485854640261,0.4,0.4608,-0.060799999999999965
UNKNOWN|POLITICS|no_yes,UNKNOWN,POLITICS,no_yes,250856701809394,0.5,0.6,24,1000,1,0.7777777777777778,0.31056109083769146,1.5160913260819062,216,24,2,242,0.7777777777777778,0.551761574074074,0.2260162037037038,0.455128331557438,1.0,0.5514583333333333,0.4485416666666667,0.9030809498676229,1.0,0.5775,0.4225
UNKNOWN|POLITICS|no_yes,UNKNOWN,POLITICS,no_yes,212190649060540,0.5,0.6,4,6,1,0.7633587786259542,0.3057049615392591,1.4660944905034847,131,23,3,157,0.7633587786259542,0.5516106870229007,0.21174809160305352,0.4266987524421843,1.0,0.5511739130434783,0.4488260869565217,0.9036007616337216,0.6666666666666666,0.5316666666666666,0.135
UNKNOWN|POLITICS|no_yes,UNKNOWN,POLITICS,no_yes,64340716159907,0.4,0.5,24,1000,1,0.65,0.30422125664221156,1.3628525762857138,180,32,1,213,0.65,0.4519138888888889,0.19808611111111113,0.39894411353399645,0.90625,0.45359375,0.45265625,0.9120325891574492,1.0,0.44,0.56
liquipedia.net/valorant|SPORTS|other,liquipedia.net/valorant,SPORTS,other,140005298167021,0.4,0.5,2,4,-1,0.18518518518518517,0.2925677470013115,1.3579846941991685,27,22,0,49,0.18518518518518517,0.46066666666666667,0.2754814814814815,0.5551772883068187,0.0,0.44122727272727275,0.44122727272727275,0.8888799825510325,,,
liquipedia.net/valorant|SPORTS|other,liquipedia.net/valorant,SPORTS,other,139241524540674,0.5,0.6,1,2,1,0.96875,0.29116570054532165,1.336025865959641,32,21,0,53,0.96875,0.5362187500000001,0.4325312499999999,0.8679530941994708,1.0,0.5541904761904762,0.44580952380952377,0.8970554548199555,,,
ncaa.com.basketball|SPORTS|other,ncaa.com.basketball,SPORTS,other,242531171327293,0.5,0.6,2,4,1,0.979498861047836,0.2905261609473391,1.3087685593497282,439,19,0,458,0.979498861047836,0.5321662870159454,0.44733257403189064,0.8978452516248999,1.0,0.5412894736842105,0.45871052631578946,0.9211978390190572,,,
ncaa.com.basketball|SPORTS|other,ncaa.com.basketball,SPORTS,other,44880175392493,0.4,0.5,2,4,-1,0.09546925566343042,0.28413204699627265,1.2823065901841046,618,32,0,650,0.09546925566343042,0.47796521035598705,0.3824959546925566,0.7671697106092056,0.03125,0.441578125,0.410328125,0.8271800951050003,,,
kick.com|SPORTS|over_under,kick.com,SPORTS,over_under,80157420266262,0.4,0.5,6,12,-1,0.22448979591836735,0.2917324188885668,1.2805007326338314,245,59,0,304,0.22448979591836735,0.49197755102040813,0.2674877551020408,0.5354723590973332,0.1016949152542373,0.4963728813559322,0.3946779661016949,0.7894217806503894,,,
UNKNOWN|POLITICS|no_yes,UNKNOWN,POLITICS,no_yes,99690163497357,0.4,0.5,4,6,1,0.6666666666666666,0.28819977975770245,1.250175216542086,117,18,3,138,0.6666666666666666,0.4577905982905983,0.2088760683760683,0.4211224241146277,0.9444444444444444,0.45422222222222225,0.49022222222222217,0.9868747715673017,0.3333333333333333,0.45166666666666666,-0.11833333333333335
UNKNOWN|POLITICS|no_yes,UNKNOWN,POLITICS,no_yes,130811157331541,0.4,0.5,12,24,1,0.6449704142011834,0.2877391949759404,1.2475665383122598,169,35,10,214,0.6449704142011834,0.45288165680473375,0.19208875739644965,0.38599524386401607,0.8857142857142857,0.45274285714285717,0.4329714285714285,0.871612388028122,0.1,0.4495,-0.34950000000000003
twitch.tv/lcs|SPORTS|over_under,twitch.tv/lcs,SPORTS,over_under,160312648331081,0.4,0.5,2,4,-1,0.0,0.2796710049731807,1.2248418752374464,27,18,0,45,0.0,0.4537037037037037,0.4537037037037037,0.9113295951308715,0.0,0.4555555555555556,0.4555555555555556,0.9149343695740713,,,
UNKNOWN|POLITICS|no_yes,UNKNOWN,POLITICS,no_yes,273504806961388,0.5,0.6,12,24,1,0.7277777777777777,0.27471037147365496,1.2023889720722853,180,19,11,210,0.7277777777777777,0.5498,0.1779777777777778,0.35759836808322876,1.0,0.5571052631578947,0.44289473684210534,0.8931134945479284,0.6363636363636364,0.5542727272727273,0.0820909090909091
ligaprofesional.ar|SPORTS|other,ligaprofesional.ar,SPORTS,other,200055380017697,0.4,0.5,4,6,-1,0.25,0.2787752759497747,1.1993286727855896,20,25,1,46,0.25,0.479,0.22899999999999998,0.46061701529397664,0.04,0.47422,0.43422,0.8708146071583442,0.0,0.4855,0.4855
UNKNOWN|POLITICS|no_yes,UNKNOWN,POLITICS,no_yes,26822710259296,0.6,0.7,24,1000,1,0.8203592814371258,0.241575054812873,1.1436335967798232,167,33,5,205,0.8203592814371258,0.6536377245508982,0.16672155688622758,0.3511575730588088,1.0,0.6541515151515152,0.34584848484848485,0.7277239078772186,0.8,0.661,0.139
twitch.tv/lck|SPORTS|over_under,twitch.tv/lck,SPORTS,over_under,241348775973231,0.4,0.5,24,1000,-1,0.3333333333333333,0.2718981569447083,1.1386017899648726,18,13,0,31,0.3333333333333333,0.4820555555555555,0.1487222222222222,0.29864285245072936,0.0,0.5,0.5,1.0,,,
ligue1.com|SPORTS|no_yes,ligue1.com,SPORTS,no_yes,101410971518557,0.4,0.5,4,6,-1,0.42857142857142855,0.26186240871169003,1.0746409966527928,28,34,1,63,0.42857142857142855,0.47964285714285715,0.0510714285714286,0.10276481631283271,0.08823529411764706,0.49147058823529416,0.4032352941176471,0.8066464565990035,0.0,0.495,0.495
ncaa.com.basketball|SPORTS|other,ncaa.com.basketball,SPORTS,other,254112745304269,0.5,0.6,1,2,1,0.9923954372623575,0.2549440670289854,1.0433179752973623,263,15,0,278,0.9923954372623575,0.5276977186311788,0.4646977186311787,0.9321034816347973,1.0,0.5411666666666667,0.4588333333333333,0.9218028629851076,,,
icc-cricket.com|SPORTS|no_yes,icc-cricket.com,SPORTS,no_yes,277752028737350,0.5,0.6,4,6,1,0.9818181818181818,0.2516829880728185,1.0176243263749234,55,14,0,69,0.9818181818181818,0.5283454545454546,0.45347272727272725,0.9091187747335939,1.0,0.533,0.46699999999999997,0.9369206029016819,,,
twitch.tv/lplenglish|SPORTS|over_under,twitch.tv/lplenglish,SPORTS,over_under,191849931973269,0.5,0.6,4,6,1,0.7619047619047619,0.2472776093716924,0.9845522148667467,42,66,0,108,0.7619047619047619,0.5081785714285714,0.2537261904761905,0.5078547506723367,0.8636363636363636,0.5134242424242424,0.3502121212121212,0.7010503281796271,,,
UNKNOWN|POLITICS|no_yes,UNKNOWN,POLITICS,no_yes,187848540649746,0.3,0.4,24,1000,1,0.5935828877005348,0.21995760473581116,0.9641251119913217,187,28,8,223,0.5935828877005348,0.3513823529411765,0.24220053475935832,0.5085497614187675,0.75,0.34648214285714285,0.40351785714285715,0.8495680600757247,0.75,0.353125,0.396875
twitch.tv/lcs|SPORTS|over_under,twitch.tv/lcs,SPORTS,over_under,158932954063179,0.4,0.5,6,12,-1,0.26666666666666666,0.23983943603902763,0.940192173799081,45,91,0,136,0.26666666666666666,0.4999111111111111,0.23324444444444442,0.46648944064209963,0.16483516483516483,0.49414835164835164,0.3293131868131868,0.6589114559768399,,,
UNKNOWN|SPORTS|no_yes,UNKNOWN,SPORTS,no_yes,133087522919910,0.4,0.5,12,24,-1,0.358695652173913,0.23868418726498974,0.9366106945734988,184,46,4,234,0.358695652173913,0.4752255434782609,0.11652989130434788,0.23339970197729598,0.10869565217391304,0.4690652173913043,0.3603695652173913,0.7237816827648063,0.25,0.47175,0.22175
UNKNOWN|POLITICS|no_yes,UNKNOWN,POLITICS,no_yes,136392006955950,0.2,0.3,4,6,1,0.46551724137931033,0.1699645848454631,0.900706199359193,116,15,6,137,0.46551724137931033,0.25634051724137935,0.20917672413793098,0.47194800653334373,0.6666666666666666,0.24716666666666667,0.4195,0.9656616483906071,0.16666666666666666,0.24333333333333332,-0.07666666666666666
liquipedia.net/dota2|SPORTS|over_under,liquipedia.net/dota2,SPORTS,over_under,157537137024148,0.4,0.5,4,6,-1,0.304029304029304,0.22827868131882745,0.8748434504433844,273,24,0,297,0.304029304029304,0.48059157509157513,0.17656227106227113,0.35459940486156727,0.08333333333333333,0.4867708333333334,0.40343750000000006,0.8083230837287725,,,
UNKNOWN|POLITICS|no_yes,UNKNOWN,POLITICS,no_yes,89615065062450,0.2,0.3,12,24,1,0.5136612021857924,0.17001285704573732,0.8737093599422667,183,24,13,220,0.5136612021857924,0.25192349726775953,0.26173770491803283,0.6048604208185562,0.625,0.25708333333333333,0.36791666666666667,0.8509638567179078,0.23076923076923078,0.25511538461538463,-0.02434615384615385
twitch.tv/lcs|SPORTS|over_under,twitch.tv/lcs,SPORTS,over_under,250771655536788,0.4,0.5,1,2,-1,0.0,0.2234366184831699,0.8529896770737664,27,13,0,40,0.0,0.45296296296296296,0.45296296296296296,0.9099704828513554,0.0,0.45153846153846156,0.45153846153846156,0.9073568053907475,,,
liquipedia.net/dota2|SPORTS|over_under,liquipedia.net/dota2,SPORTS,over_under,224562211549444,0.5,0.6,2,4,1,0.9411764705882353,0.22078277232932364,0.8387996691719681,17,13,0,30,0.9411764705882353,0.5476470588235295,0.3935294117647058,0.7913184891172155,1.0,0.5511153846153847,0.4488846153846153,0.9025017780062073,,,
icc-cricket.com|SPORTS|no_yes,icc-cricket.com,SPORTS,no_yes,126137588274004,0.5,0.6,24,1000,1,0.9404761904761905,0.21929487877042186,0.8264609102493398,84,25,0,109,0.9404761904761905,0.5241964285714286,0.4162797619047619,0.8340941697439034,0.92,0.53104,0.3889600000000001,0.7805644498364334,,,
liquipedia.net/rainbowsix|SPORTS|over_under,liquipedia.net/rainbowsix,SPORTS,over_under,181080226571415,0.4,0.5,4,6,-1,0.35,0.21815998275118587,0.8198939687267077,20,11,4,35,0.35,0.4963,0.14630000000000004,0.29269615371837643,0.0,0.477,0.477,0.9567421051862997,0.25,0.5,0.25
twitch.tv|SPORTS|over_under,twitch.tv,SPORTS,over_under,246876050846390,0.5,0.6,4,6,1,0.5168539325842697,0.21745983123338342,0.8173813880500824,178,10,0,188,0.5168539325842697,0.5136629213483146,0.00319101123595511,0.006323657689345941,1.0,0.505,0.495,0.9900495037128094,,,
ncaa.com.basketball|SPORTS|other,ncaa.com.basketball,SPORTS,other,26931836287302,0.4,0.5,1,2,-1,0.033707865168539325,0.21632564366145485,0.8157317587871228,356,21,0,377,0.033707865168539325,0.477125,0.4434171348314607,0.889026423122,0.047619047619047616,0.4430238095238095,0.39540476190476187,0.7971726265855826,,,
kick.com|SPORTS|over_under,kick.com,SPORTS,over_under,38938231580177,0.4,0.5,12,24,-1,0.11678832116788321,0.21342278547038473,0.7967829036773436,137,68,0,205,0.11678832116788321,0.4900328467153285,0.37324452554744525,0.7470458235973232,0.17647058823529413,0.4970294117647059,0.3205588235294118,0.6411643422557797,,,
UNKNOWN|POLITICS|no_yes,UNKNOWN,POLITICS,no_yes,144076852802073,0.2,0.3,24,1000,1,0.5428571428571428,0.15436525919209354,0.7852051138562194,175,19,9,203,0.5428571428571428,0.25058857142857144,0.2922685714285714,0.6739210443711845,0.631578947368421,0.25602631578947366,0.37555263157894736,0.8565886115111601,0.2222222222222222,0.24055555555555555,-0.01833333333333334
liquipedia.net/leagueoflegends|SPORTS|over_under,liquipedia.net/leagueoflegends,SPORTS,over_under,277976837366121,0.4,0.5,4,6,-1,0.12962962962962962,0.2098142563922158,0.7766367440188477,54,52,0,106,0.12962962962962962,0.4702777777777778,0.34064814814814814,0.6834515012850069,0.15384615384615385,0.4850576923076923,0.33121153846153845,0.6632784451351057,,,
ligue1.com|SPORTS|no_yes,ligue1.com,SPORTS,no_yes,246616233559304,0.4,0.5,6,12,-1,0.26666666666666666,0.2076356180458147,0.7664913090517913,15,41,0,56,0.26666666666666666,0.4736666666666666,0.20699999999999996,0.4153264503127319,0.14634146341463414,0.4920731707317073,0.34573170731707314,0.6916846028361545,,,
dupe.fi|CRYPTO|no_yes,dupe.fi,CRYPTO,no_yes,231286561589197,0.4,0.5,4,6,-1,0.4,0.20408866864659125,0.7469873357729744,15,18,0,33,0.4,0.487,0.08699999999999997,0.1745455153744775,0.05555555555555555,0.46166666666666667,0.4061111111111111,0.8156703578282458,,,
icc-cricket.com|SPORTS|no_yes,icc-cricket.com,SPORTS,no_yes,257356416948200,0.5,0.6,6,12,1,0.9710144927536232,0.2008386686465914,0.7306807420735114,69,18,0,87,0.9710144927536232,0.5271811594202899,0.4438333333333333,0.8897662980034673,0.9444444444444444,0.5415833333333333,0.4028611111111111,0.8103746776580653,,,
binance.com/en/trade/BTC_USDT|CRYPTO|no_yes,binance.com/en/trade/BTC_USDT,CRYPTO,no_yes,207808118180726,0.3,0.4,12,24,1,0.453125,0.17423019423013858,0.715461164809184,64,8,7,79,0.453125,0.3494609375,0.10366406249999999,0.21636300613108217,0.875,0.354875,0.520125,1.084247002629154,0.5714285714285714,0.34142857142857147,0.22999999999999993
espncricinfo.com|SPORTS|other,espncricinfo.com,SPORTS,other,142888331991401,0.4,0.5,2,4,-1,0.0,0.19335983123338346,0.6936902218435436,15,10,2,27,0.0,0.4441,0.4441,0.8944978635859367,0.0,0.4709,0.4709,0.9449067943459382,0.0,0.482,0.482
espncricinfo.com|SPORTS|no_yes,espncricinfo.com,SPORTS,no_yes,25951361174187,0.5,0.6,4,6,1,0.95,0.1931229135407989,0.6922721316135634,80,23,14,117,0.95,0.5304625,0.4195375,0.8413927257260296,0.9130434782608695,0.5389130434782609,0.37413043478260866,0.7505660918577106,0.7857142857142857,0.5375714285714286,0.2481428571428571
ligue1.com|SPORTS|no_yes,ligue1.com,SPORTS,no_yes,75638291800544,0.4,0.5,24,1000,-1,0.3888888888888889,0.1922598698408471,0.691885714740673,18,51,0,69,0.3888888888888889,0.48305555555555557,0.09416666666666668,0.18882109329357166,0.17647058823529413,0.49480392156862746,0.31833333333333336,0.6367838005446999,,,
UNKNOWN|OTHER|no_yes,UNKNOWN,OTHER,no_yes,79981886835304,0.5,0.6,4,6,1,0.6777777777777778,0.19231856571471195,0.6883614456941839,90,23,3,116,0.6777777777777778,0.5387666666666666,0.1390111111111112,0.278255417090514,0.9130434782608695,0.5397173913043478,0.3733260869565217,0.7506402303505233,1.0,0.5531666666666667,0.4468333333333333
UNKNOWN|OTHER|no_yes,UNKNOWN,OTHER,no_yes,125481471866496,0.4,0.5,2,4,-1,0.06976744186046512,0.1899098312333835,0.6768994088075915,43,10,0,53,0.06976744186046512,0.48340697674418603,0.4136395348837209,0.8284725641552388,0.0,0.46745000000000003,0.46745000000000003,0.9373066433406485,,,
UNKNOWN|SPORTS|no_yes,UNKNOWN,SPORTS,no_yes,195038103114669,0.4,0.5,24,1000,-1,0.3069306930693069,0.1890469837764009,0.6735949114164395,202,45,10,257,0.3069306930693069,0.47389356435643565,0.16696287128712872,0.3347562588488212,0.15555555555555556,0.4768888888888889,0.32133333333333336,0.6445989338806797,0.4,0.47874999999999995,0.07874999999999993
premierleague.com|SPORTS|no_yes,premierleague.com,SPORTS,no_yes,195298656503063,0.4,0.5,4,6,-1,0.4489795918367347,0.18548435262470814,0.6577152586323346,49,39,1,89,0.4489795918367347,0.47051020408163263,0.02153061224489794,0.04417956540094953,0.15384615384615385,0.48278205128205126,0.3289358974358974,0.658449783388001,0.0,0.4995,0.4995
ligue1.com|SPORTS|no_yes,ligue1.com,SPORTS,no_yes,253174244044272,0.4,0.5,12,24,-1,0.25,0.18176114435614138,0.6429406768492039,16,41,0,57,0.25,0.4746875,0.22468749999999998,0.45094969991784156,0.17073170731707318,0.494390243902439,0.3236585365853658,0.647465669637203,,,
wtatennis.com.spread|SPORTS|other,wtatennis.com.spread,SPORTS,other,127745207783950,0.6,0.7,24,1000,-1,0.4,0.15689841961385215,0.6330953814962583,20,70,6,96,0.4,0.65075,0.25075000000000003,0.5299026456785543,0.37142857142857144,0.6454285714285715,0.274,0.573198345346451,0.5,0.6558333333333334,0.15583333333333338
espncricinfo.com|SPORTS|no_yes,espncricinfo.com,SPORTS,no_yes,213332625400289,0.5,0.6,24,1000,1,0.9358974358974359,0.17794873960979962,0.6211443431594528,78,40,18,136,0.9358974358974359,0.51975,0.41614743589743586,0.8332387667270175,0.85,0.531325,0.31867499999999993,0.639218838103133,0.8333333333333334,0.5261111111111112,0.3072222222222222
UNKNOWN|SPORTS|no_yes,UNKNOWN,SPORTS,no_yes,48217748103896,0.4,0.5,4,6,-1,0.2641509433962264,0.1753713739415929,0.6085194364096278,212,37,7,256,0.2641509433962264,0.4827051886792453,0.21855424528301887,0.4377997327236202,0.13513513513513514,0.4551486486486486,0.3200135135135135,0.643703658205635,0.2857142857142857,0.4642142857142857,0.1785
twitch.tv/lplenglish|SPORTS|over_under,twitch.tv/lplenglish,SPORTS,over_under,48952823530048,0.5,0.6,6,12,1,1.0,0.17394253095317957,0.6059300741097422,32,65,0,97,1.0,0.507328125,0.492671875,0.9854967151195674,0.8,0.5133538461538462,0.2866461538461539,0.573618377604602,,,
nba.com.total|SPORTS|no_yes,nba.com.total,SPORTS,no_yes,22772214358800,0.3,0.4,24,1000,1,0.46846846846846846,0.1415308702996459,0.5894983441703107,111,472,138,721,0.46846846846846846,0.3814189189189189,0.08704954954954958,0.1802101873725044,0.5169491525423728,0.33038135593220336,0.18656779661016948,0.4001110029378398,0.5289855072463768,0.3253442028985507,0.20364130434782612
UNKNOWN|POLITICS|no_yes,UNKNOWN,POLITICS,no_yes,131835701610563,0.6,0.7,4,6,1,0.8230088495575221,0.16408810433431775,0.5865611845214044,113,17,10,140,0.8230088495575221,0.6548893805309735,0.16811946902654862,0.3553724962207644,1.0,0.6515882352941177,0.3484117647058823,0.7317556381168747,0.8,0.67605,0.12395
nba.com.moneyline|SPORTS|other,nba.com.moneyline,SPORTS,other,37357074830197,0.4,0.5,6,12,1,0.45390070921985815,0.16078114379041952,0.5727477378205514,423,54,25,502,0.45390070921985815,0.4478676122931442,0.006033096926713943,0.012096201295976732,0.7407407407407407,0.4499074074074074,0.2908333333333333,0.5843788001460172,0.24,0.4496,-0.2096
UNKNOWN|POLITICS|no_yes,UNKNOWN,POLITICS,no_yes,246511455996059,0.2,0.3,6,12,1,0.5632911392405063,0.11241340938844319,0.5625112035206544,158,19,8,185,0.5632911392405063,0.2572563291139241,0.30603481012658224,0.6976987582315273,0.5789473684210527,0.25034210526315787,0.3286052631578948,0.7615955057364968,0.375,0.232875,0.142125
twitch.tv/lcs|SPORTS|over_under,twitch.tv/lcs,SPORTS,over_under,125358605344229,0.4,0.5,4,6,-1,0.2608695652173913,0.15979213403331544,0.5461858438864381,46,89,0,135,0.2608695652173913,0.4999130434782608,0.23904347826086952,0.4780874962803148,0.23595505617977527,0.49373033707865166,0.25777528089887636,0.5158973610637885,,,
espncricinfo.com|SPORTS|no_yes,espncricinfo.com,SPORTS,no_yes,246123600442527,0.5,0.6,12,24,1,0.927710843373494,0.15816969812265513,0.5349140613234534,83,28,17,128,0.927710843373494,0.5250542168674699,0.4026566265060241,0.8070457872473813,0.8571428571428571,0.5269285714285715,0.33021428571428557,0.6618648399975714,0.8823529411764706,0.5308529411764705,0.35150000000000003
dupe.fi|CRYPTO|no_yes,dupe.fi,CRYPTO,no_yes,241413792809783,0.5,0.6,6,12,1,1.0,0.15683438048912302,0.5308016755643491,25,8,0,33,1.0,0.51642,0.48358,0.9677419186851312,1.0,0.51875,0.48124999999999996,0.9633213126121664,,,
UNKNOWN|POLITICS|no_yes,UNKNOWN,POLITICS,no_yes,124391317561988,0.6,0.7,6,12,1,0.8435374149659864,0.15126053777272364,0.5274189977696376,147,26,5,178,0.8435374149659864,0.6507891156462585,0.19274829931972792,0.40496433244405095,0.9615384615384616,0.6598076923076923,0.30173076923076925,0.6380561511777623,0.6,0.666,-0.06600000000000006
nba.com.total|SPORTS|no_yes,nba.com.total,SPORTS,no_yes,112624870360067,0.3,0.4,12,24,1,0.48919753086419754,0.12870394787945177,0.5270056765113577,648,1039,843,2530,0.48919753086419754,0.35406404320987656,0.13513348765432098,0.2851283489316928,0.4918190567853705,0.3328022136669875,0.15901684311838304,0.3396445643944905,0.49110320284697506,0.3367093712930012,0.15439383155397385
UNKNOWN|POLITICS|no_yes,UNKNOWN,POLITICS,no_yes,273677788240887,0.7,0.8,6,12,1,0.9171597633136095,0.13231950898272016,0.5153586350519557,169,29,4,202,0.9171597633136095,0.7512278106508875,0.16593195266272198,0.38413017225693435,1.0,0.7507068965517241,0.24929310344827593,0.576260410887637,1.0,0.73,0.27
wtatennis.com.spread|SPORTS|over_under,wtatennis.com.spread,SPORTS,over_under,44159115323896,0.6,0.7,24,1000,-1,0.25,0.12311609677895752,0.5040892905772557,20,146,44,210,0.25,0.66625,0.41625,0.8834859826511963,0.4657534246575342,0.6696232876712329,0.2038698630136987,0.4324599079393915,0.5909090909090909,0.6598863636363637,0.06897727272727272
hltv.org|SPORTS|over_under,hltv.org,SPORTS,over_under,138620748761429,0.4,0.5,4,6,-1,0.2887700534759358,0.14872771769163629,0.4996590084063635,187,351,111,649,0.2887700534759358,0.49222192513368984,0.20345187165775402,0.4073040881565627,0.2934472934472934,0.49184188034188037,0.19839458689458694,0.39736520019712424,0.3063063063063063,0.49125675675675673,0.18495045045045044
dupe.fi|CRYPTO|no_yes,dupe.fi,CRYPTO,no_yes,65567652890373,0.5,0.6,4,6,1,1.0,0.14558438048912303,0.4822675437474455,28,8,0,36,1.0,0.5207321428571429,0.47926785714285713,0.9595050180700587,1.0,0.53,0.47,0.9418104464911056,,,
twitch.tv/lplenglish|SPORTS|over_under,twitch.tv/lplenglish,SPORTS,over_under,99942327431604,0.4,0.5,4,6,-1,0.33098591549295775,0.14153168180315517,0.47105902887834783,142,107,0,249,0.33098591549295775,0.4949330985915493,0.16394718309859158,0.32800231000779473,0.2616822429906542,0.49371962616822435,0.23203738317757017,0.4644872642237426,,,
icc-cricket.com|SPORTS|no_yes,icc-cricket.com,SPORTS,no_yes,147409036618736,0.5,0.6,12,24,1,0.971830985915493,0.14308081084105673,0.4703005389742252,71,19,0,90,0.971830985915493,0.5305140845070423,0.4413169014084507,0.8848127666178539,0.8947368421052632,0.5429736842105263,0.3517631578947369,0.7077724075714356,,,
nba.com.moneyline|SPORTS|other,nba.com.moneyline,SPORTS,other,96827024745730,0.4,0.5,12,24,1,0.48491879350348027,0.13452372784701527,0.4660257214501334,431,58,19,508,0.48491879350348027,0.45139211136890955,0.03352668213457072,0.06735006838782348,0.7068965517241379,0.44534482758620686,0.26155172413793104,0.527576287575682,0.15789473684210525,0.45210526315789473,-0.2942105263157895
atptour.com.spread|SPORTS|other,atptour.com.spread,SPORTS,other,88535470289303,0.6,0.7,12,24,-1,0.3793103448275862,0.11845841068889285,0.4639278933150986,29,179,28,236,0.3793103448275862,0.6606896551724138,0.28137931034482766,0.5973853442089506,0.4581005586592179,0.6496648044692738,0.19156424581005588,0.40175857009447064,0.42857142857142855,0.6451785714285715,0.21660714285714294
atptour.com.spread|SPORTS|other,atptour.com.spread,SPORTS,other,22546401798323,0.6,0.7,24,1000,-1,0.2857142857142857,0.11448633085574489,0.4462472444704633,21,115,16,152,0.2857142857142857,0.6712619047619048,0.38554761904761914,0.8234795200339116,0.4434782608695652,0.6491304347826088,0.20565217391304358,0.43289799291469316,0.4375,0.65125,0.21375
wtatennis.com.spread|SPORTS|over_under,wtatennis.com.spread,SPORTS,over_under,143249633211494,0.4,0.5,4,6,-1,0.3836065573770492,0.13389751710633002,0.43749266902950784,305,408,224,937,0.3836065573770492,0.48530327868852463,0.10169672131147545,0.20417815168583606,0.29901960784313725,0.47904901960784313,0.18002941176470588,0.3615541113118856,0.30357142857142855,0.4889508928571429,0.18537946428571433
yahoo.com|FINANCE|no_yes,yahoo.com,FINANCE,no_yes,260110184836891,0.4,0.5,24,1000,-1,0.4185022026431718,0.1322591106632806,0.4289549415414459,227,106,54,387,0.4185022026431718,0.48141850220264315,0.06291629955947137,0.125887626628531,0.24528301886792453,0.46740566037735853,0.222122641509434,0.44568227602357113,0.25925925925925924,0.46973148148148147,0.21047222222222223
espncricinfo.com|SPORTS|no_yes,espncricinfo.com,SPORTS,no_yes,147715192844966,0.5,0.6,6,12,1,0.922077922077922,0.13143415581686435,0.42564774650151127,77,26,14,117,0.922077922077922,0.5286038961038961,0.3934740259740259,0.7889172571092626,0.8461538461538461,0.53325,0.31290384615384614,0.6279532269716497,0.7142857142857143,0.5303214285714286,0.1839642857142857
nba.com.total|SPORTS|no_yes,nba.com.total,SPORTS,no_yes,230068129832950,0.2,0.3,6,12,1,0.3875,0.08963832912937242,0.4159133963984296,320,825,250,1395,0.3875,0.27971875,0.10778125,0.24195220571639245,0.39151515151515154,0.26914666666666665,0.12236848484848489,0.2725357914911748,0.384,0.269858,0.11414200000000002
nba.com.total|SPORTS|no_yes,nba.com.total,SPORTS,no_yes,87718984434683,0.2,0.3,12,24,1,0.3901639344262295,0.08776665581536008,0.40584567079035017,305,1739,479,2523,0.3901639344262295,0.27426229508196726,0.11590163934426223,0.2560091458750201,0.3801035077630822,0.2698099482461185,0.11029355951696374,0.24734008198045426,0.3945720250521921,0.2729436325678497,0.12162839248434237
liquipedia.net/leagueoflegends|SPORTS|other,liquipedia.net/leagueoflegends,SPORTS,other,88459165080550,0.4,0.5,2,4,-1,0.07692307692307693,0.1265218804891231,0.4045693494171533,26,8,0,34,0.07692307692307693,0.44934615384615384,0.3724230769230769,0.750211606731477,0.0,0.4509375,0.4509375,0.9068657211260079,,,
wtatennis.com.spread|SPORTS|other,wtatennis.com.spread,SPORTS,other,192950093538351,0.6,0.7,12,24,-1,0.46875,0.10430933542275078,0.4000011284845487,32,56,12,100,0.46875,0.65015625,0.18140625,0.38181560778079165,0.4107142857142857,0.6455357142857142,0.23482142857142851,0.4885172302846635,0.3333333333333333,0.6566666666666667,0.3233333333333334
UNKNOWN|SPORTS|no_yes,UNKNOWN,SPORTS,no_yes,215570563409858,0.4,0.5,6,12,-1,0.28169014084507044,0.12462946915735956,0.39925540969511103,213,41,10,264,0.28169014084507044,0.4728427230046949,0.19115258215962444,0.3829839944542369,0.1951219512195122,0.4647682926829268,0.2696463414634146,0.5415935490379423,0.2,0.48019999999999996,0.28019999999999995
liquipedia.net/dota2|SPORTS|over_under,liquipedia.net/dota2,SPORTS,over_under,260564228891728,0.5,0.6,1,2,1,1.0,0.12452188048912305,0.3967289881130895,15,8,0,23,1.0,0.5467,0.45330000000000004,0.910831798117763,1.0,0.5510625,0.4489375,0.9025973730896703,,,
nba.com.total|SPORTS|no_yes,nba.com.total,SPORTS,no_yes,22422308757687,0.2,0.3,24,1000,1,0.375,0.08597093095886277,0.3965586321511739,48,1130,297,1475,0.375,0.2758333333333333,0.09916666666666668,0.22035148394083595,0.384070796460177,0.270179203539823,0.113891592920354,0.25517478726728526,0.4276094276094276,0.2659427609427609,0.16166666666666668
laliga.com|SPORTS|over_under,laliga.com,SPORTS,over_under,149185664449648,0.7,0.8,4,6,1,0.7966101694915254,0.10785275750435797,0.38499487089194323,59,24,9,92,0.7966101694915254,0.7444915254237288,0.05211864406779665,0.12149982859985028,1.0,0.7541666666666668,0.24583333333333324,0.5709042790374225,0.8888888888888888,0.7443888888888889,0.14449999999999996
twitch.tv|SPORTS|over_under,twitch.tv,SPORTS,over_under,11919968978106,0.5,0.6,6,12,1,0.5411764705882353,0.11763537451379624,0.37919793888020975,170,11,0,181,0.5411764705882353,0.5141588235294118,0.02701764705882348,0.05403230360281779,0.9090909090909091,0.505,0.40409090909090906,0.8082222303036617,,,
uefa.com|SPORTS|other,uefa.com,SPORTS,other,84063369413509,0.3,0.4,4,6,-1,0.32,0.11370584925240065,0.3617142401777349,25,13,4,42,0.32,0.34119999999999995,0.02119999999999994,0.048195268707592345,0.0,0.3418076923076923,0.3418076923076923,0.7211340648276485,0.0,0.368375,0.368375
liquipedia.net/leagueoflegends|SPORTS|over_under,liquipedia.net/leagueoflegends,SPORTS,over_under,94646373513137,0.4,0.5,6,12,-1,0.39759036144578314,0.1129754458340348,0.359222912809847,83,89,0,172,0.39759036144578314,0.4662168674698795,0.06862650602409637,0.13741687871055436,0.2696629213483146,0.4829438202247191,0.2132808988764045,0.42749068057879014,,,
ufc.com|SPORTS|over_under,ufc.com,SPORTS,over_under,135348687303929,0.3,0.4,4,6,1,0.5333333333333333,0.09116788880793553,0.35321864392267416,15,11,6,32,0.5333333333333333,0.35633333333333334,0.177,0.373555954656399,0.7272727272727273,0.3431818181818182,0.3840909090909091,0.8116694635038897,0.3333333333333333,0.35083333333333333,-0.017500000000000016
UNKNOWN|POLITICS|no_yes,UNKNOWN,POLITICS,no_yes,46258738431509,0.6,0.7,12,24,1,0.864406779661017,0.11074467153713818,0.3494493137928107,177,27,6,210,0.864406779661017,0.6501525423728813,0.21425423728813564,0.4483138258693442,0.9259259259259259,0.6555555555555556,0.27037037037037037,0.5693035789944914,0.8333333333333334,0.6591666666666667,0.1741666666666667
wtatennis.com.spread|SPORTS|over_under,wtatennis.com.spread,SPORTS,over_under,52385051332792,0.5,0.6,12,24,-1,0.3646723646723647,0.10740939679266381,0.34919798319761686,702,682,209,1593,0.3646723646723647,0.5143091168091168,0.14963675213675215,0.3001708434743401,0.3782991202346041,0.5226920821114369,0.14439296187683281,0.2894795233427669,0.3062200956937799,0.5167464114832536,0.21052631578947373
nba.com.total|SPORTS|no_yes,nba.com.total,SPORTS,no_yes,168980292215056,0.7,0.8,24,1000,-1,0.7058823529411765,0.0757211728091397,0.34816369122668184,17,29,8,54,0.7058823529411765,0.7294117647058824,0.02352941176470591,0.049184149710074176,0.4827586206896552,0.7314137931034482,0.24865517241379304,0.5530483733522569,0.625,0.728125,0.10312500000000002
nba.com.total|SPORTS|no_yes,nba.com.total,SPORTS,no_yes,279458427069222,0.4,0.5,4,6,-1,0.37757731958762886,0.1091964282776936,0.34754795834366653,776,1836,673,3285,0.37757731958762886,0.4876140463917526,0.11003672680412374,0.22042952056359014,0.3611111111111111,0.49254765795206973,0.13143654684095862,0.26307617539786576,0.35661218424962854,0.49265007429420504,0.1360378900445765
wtatennis.com.spread|SPORTS|over_under,wtatennis.com.spread,SPORTS,over_under,234217609656872,0.4,0.5,2,4,-1,0.0,0.10958438048912311,0.3399236235777284,102,8,0,110,0.0,0.44311764705882356,0.44311764705882356,0.892279911571164,0.0,0.434,0.434,0.8758192586766749,,,
wtatennis.com.spread|SPORTS|over_under,wtatennis.com.spread,SPORTS,over_under,27081008137657,0.5,0.6,24,1000,-1,0.5045662100456622,0.1019558050944604,0.32855683419504583,438,466,122,1026,0.5045662100456622,0.5112442922374429,0.0066780821917807875,0.013828626603515946,0.37339055793991416,0.5201319742489271,0.14674141630901294,0.29424764253679037,0.3770491803278688,0.515,0.1379508196721312
atptour.com.spread|SPORTS|other,atptour.com.spread,SPORTS,other,239933856300547,0.3,0.4,4,6,-1,0.3333333333333333,0.10158781260586397,0.312038283413919,63,183,98,344,0.3333333333333333,0.37063492063492065,0.037301587301587336,0.07325031000901572,0.19672131147540983,0.36188524590163934,0.1651639344262295,0.34239317787030993,0.2857142857142857,0.36474489795918363,0.07903061224489794
UNKNOWN|POLITICS|no_yes,UNKNOWN,POLITICS,no_yes,258238997396678,0.7,0.8,12,24,1,0.8435374149659864,0.09246017199627266,0.31065133677463375,147,32,5,184,0.8435374149659864,0.752578231292517,0.09095918367346945,0.20897284379556808,0.96875,0.75009375,0.21865625,0.5017533753371943,0.6,0.755,-0.15500000000000003
UNKNOWN|OTHER|no_yes,UNKNOWN,OTHER,no_yes,174335172521595,0.5,0.6,24,1000,1,0.591304347826087,0.09350920533394624,0.28504612469962914,115,35,1,151,0.591304347826087,0.5523782608695652,0.03892608695652178,0.07894882323994182,0.8,0.5475714285714286,0.25242857142857145,0.5083217591790488,1.0,0.595,0.405
binance.com/en/trade/BTC_USDT|CRYPTO|no_yes,binance.com/en/trade/BTC_USDT,CRYPTO,no_yes,243989344722193,0.5,0.6,12,24,1,0.6136363636363636,0.08944741153473801,0.2701101585726215,44,12,5,61,0.6136363636363636,0.5473295454545455,0.06630681818181816,0.1340275848923282,0.9166666666666666,0.5566666666666666,0.36,0.7267541660950415,0.8,0.549,0.251
ligue1.com|SPORTS|no_yes,ligue1.com,SPORTS,no_yes,71110473057543,0.5,0.6,12,24,-1,0.5306122448979592,0.08316180501607484,0.2657046190947487,49,35,0,84,0.5306122448979592,0.5503061224489796,0.019693877551020367,0.04035930375713015,0.2857142857142857,0.5337142857142857,0.248,0.4972304950118726,,,
bundesliga.com|SPORTS|no_yes,bundesliga.com,SPORTS,no_yes,212662842498371,0.4,0.5,4,6,-1,0.4444444444444444,0.0866666446346176,0.26540096969002014,27,25,0,52,0.4444444444444444,0.47335185185185186,0.028907407407407437,0.057850073120207714,0.2,0.47798,0.27798,0.5569547940501919,,,
legaseriea.it|SPORTS|no_yes,legaseriea.it,SPORTS,no_yes,3171339794049,0.4,0.5,24,1000,-1,0.46296296296296297,0.08621606252072928,0.26322318744120654,108,48,1,157,0.46296296296296297,0.4671759259259259,0.004212962962962918,0.008455219759806747,0.25,0.4740625,0.2240625,0.44770614917202173,1.0,0.495,-0.505
UNKNOWN|OTHER|no_yes,UNKNOWN,OTHER,no_yes,24213600422886,0.4,0.5,4,6,-1,0.30201342281879195,0.08546772875950381,0.2598751644736265,149,39,1,189,0.30201342281879195,0.4764563758389262,0.17444295302013424,0.34905618323587784,0.23076923076923078,0.4688333333333334,0.2380641025641026,0.4776229781588693,0.0,0.5,0.5
atptour.com.spread|SPORTS|other,atptour.com.spread,SPORTS,other,69524605450520,0.6,0.7,6,12,-1,0.38095238095238093,0.06869275943035746,0.2568091684971063,21,105,25,151,0.38095238095238093,0.6533333333333333,0.2723809523809524,0.577190924861026,0.4857142857142857,0.6488095238095238,0.16309523809523813,0.3441576114052861,0.52,0.6428,0.12280000000000002
uefa.com|SPORTS|no_yes,uefa.com,SPORTS,no_yes,86408658376934,0.5,0.6,4,6,1,0.5753424657534246,0.08257670411304252,0.24694254678295488,73,20,9,102,0.5753424657534246,0.5491780821917809,0.026164383561643745,0.05258146024996155,0.85,0.557,0.2929999999999999,0.5886153926434419,0.6666666666666666,0.5261111111111112,0.14055555555555543
nba.com.total|SPORTS|no_yes,nba.com.total,SPORTS,no_yes,133864182202350,0.3,0.4,6,12,1,0.4637096774193548,0.06441060427612982,0.2425959025009999,496,652,426,1574,0.4637096774193548,0.3500715725806452,0.11363810483870962,0.2398707145138647,0.44785276073619634,0.3456878834355828,0.10216487730061352,0.2162143927761709,0.4272300469483568,0.35197769953051644,0.07525234741784037
yahoo.com|FINANCE|no_yes,yahoo.com,FINANCE,no_yes,263627188671570,0.5,0.6,12,24,1,0.7872340425531915,0.07796665315206208,0.2321340094319272,141,54,14,209,0.7872340425531915,0.5263120567375886,0.2609219858156029,0.5225456888103507,0.7592592592592593,0.5525555555555556,0.20670370370370372,0.41554130020937,0.5,0.5486071428571428,-0.04860714285714285
twitch.tv/esl_dota2|SPORTS|other,twitch.tv/esl_dota2,SPORTS,other,24563689564426,0.4,0.5,24,1000,1,0.7954545454545454,0.07110489634305095,0.21828431034371656,44,9,0,53,0.7954545454545454,0.4978409090909091,0.2976136363636363,0.5951968861530765,0.8888888888888888,0.49388888888888893,0.3949999999999999,0.7906213445081054,,,
wtatennis.com.spread|SPORTS|over_under,wtatennis.com.spread,SPORTS,over_under,44799145406201,0.5,0.6,6,12,-1,0.4110344827586207,0.07001756639362389,0.21813584526488788,725,600,192,1517,0.4110344827586207,0.5139027586206897,0.10286827586206898,0.2061270300088227,0.41333333333333333,0.5231833333333333,0.10985,0.22052061388313737,0.359375,0.5207291666666667,0.1613541666666667
kick.com|SPORTS|over_under,kick.com,SPORTS,over_under,8937659037408,0.4,0.5,24,1000,-1,0.3103448275862069,0.07068471122507708,0.21557214696563864,29,54,0,83,0.3103448275862069,0.4891379310344828,0.17879310344827587,0.35813724540244596,0.2962962962962963,0.49896296296296294,0.20266666666666666,0.40534741265925334,,,
liquipedia.net/dota2|SPORTS|over_under,liquipedia.net/dota2,SPORTS,over_under,68938488178267,0.4,0.5,6,12,-1,0.4304812834224599,0.0698193205046555,0.20961435990891297,374,48,0,422,0.4304812834224599,0.4762192513368984,0.045737967914438515,0.0922113215640213,0.2708333333333333,0.47979166666666667,0.20895833333333336,0.41935526424765035,,,
liquipedia.net/valorant|SPORTS|over_under,liquipedia.net/valorant,SPORTS,over_under,190973881881521,0.4,0.5,4,6,-1,0.3157894736842105,0.06899101553265358,0.20821869567545154,95,41,0,136,0.3157894736842105,0.48816842105263153,0.17237894736842102,0.34554605475464795,0.2682926829268293,0.4883292682926829,0.22003658536585363,0.4410546942402129,,,
twitch.tv/lck|SPORTS|over_under,twitch.tv/lck,SPORTS,over_under,80398821642359,0.5,0.6,4,6,1,0.9433962264150944,0.06880214106753602,0.20805508333246558,53,13,0,66,0.9433962264150944,0.521877358490566,0.4215188679245283,0.8448588652159027,0.8461538461538461,0.5088461538461538,0.3373076923076923,0.6747694819434996,,,
wtatennis.com.spread|SPORTS|other,wtatennis.com.spread,SPORTS,other,60786422534030,0.5,0.6,12,24,-1,0.44660194174757284,0.06593784447340567,0.20794214564914212,103,75,22,200,0.44660194174757284,0.5175728155339806,0.07097087378640776,0.14158993876550016,0.36,0.5389333333333334,0.1789333333333334,0.35958292619559407,0.5,0.5340909090909091,0.03409090909090906
wtatennis.com.spread|SPORTS|over_under,wtatennis.com.spread,SPORTS,over_under,93815016102069,0.6,0.7,12,24,-1,0.59375,0.05414286073318342,0.206208295543539,128,284,94,506,0.59375,0.669765625,0.07601562500000003,0.16250884866568427,0.5528169014084507,0.6636989436619718,0.11088204225352105,0.23551063001498967,0.5851063829787234,0.6593617021276597,0.07425531914893624
rollcall.com|POLITICS|no_yes,rollcall.com,POLITICS,no_yes,256350407773758,0.5,0.6,12,24,-1,0.40425531914893614,0.06440545655006491,0.20375365123940717,47,30,3,80,0.40425531914893614,0.5443617021276596,0.1401063829787234,0.28347279225115707,0.3,0.5431666666666667,0.2431666666666667,0.48844475778216445,0.6666666666666666,0.5616666666666666,-0.10499999999999998
liquipedia.net/callofduty|SPORTS|other,liquipedia.net/callofduty,SPORTS,other,94597993274344,0.5,0.6,4,6,1,0.5531914893617021,0.06726438858380257,0.20101534729564746,47,45,21,113,0.5531914893617021,0.5267127659574469,0.026478723404255278,0.05171161513718104,0.7333333333333333,0.5223444444444445,0.21098888888888878,0.4217868453020107,0.42857142857142855,0.5126190476190476,-0.0840476190476191
UNKNOWN|OTHER|no_yes,UNKNOWN,OTHER,no_yes,145507592212752,0.4,0.5,1,2,-1,0.0,0.06719361450242789,0.1999332586460231,23,10,0,33,0.0,0.47489130434782606,0.47489130434782606,0.9515630299446521,0.1,0.47135,0.37134999999999996,0.7448079719878342,,,
atptour.com.spread|SPORTS|over_under,atptour.com.spread,SPORTS,over_under,262631132744413,0.6,0.7,12,24,-1,0.6022727272727273,0.052641010943690114,0.1942811702642098,88,266,112,466,0.6022727272727273,0.656596590909091,0.054323863636363656,0.11278152100971245,0.5375939849624061,0.6491917293233083,0.1115977443609022,0.2335586101351291,0.7232142857142857,0.6643749999999999,-0.05883928571428576
liquipedia.net/dota2|SPORTS|over_under,liquipedia.net/dota2,SPORTS,over_under,218666273764279,0.5,0.6,12,24,-1,0.4696969696969697,0.05820154429701718,0.1772163853676319,132,53,0,185,0.4696969696969697,0.5164090909090909,0.046712121212121205,0.09282426600754227,0.32075471698113206,0.5130188679245283,0.19226415094339627,0.3850315183954902,,,
ufc.com|SPORTS|over_under,ufc.com,SPORTS,over_under,211229956095466,0.3,0.4,6,12,1,0.4,0.04777321997956513,0.17624580167909767,20,10,6,36,0.4,0.3585,0.04150000000000004,0.08850609900908868,0.7,0.34900000000000003,0.3509999999999999,0.7434771148273979,0.3333333333333333,0.345,-0.011666666666666659
wtatennis.com.spread|SPORTS|over_under,wtatennis.com.spread,SPORTS,over_under,154624984587837,0.3,0.4,24,1000,1,0.5925925925925926,0.04954526514710672,0.17548574242352283,27,71,40,138,0.5925925925925926,0.36722222222222217,0.2253703703703704,0.47057839716088273,0.5352112676056338,0.3708450704225352,0.16436619718309858,0.3428823481517925,0.4,0.36550000000000005,0.034499999999999975
ufc.com|SPORTS|over_under,ufc.com,SPORTS,over_under,68149014342576,0.4,0.5,12,24,1,0.5714285714285714,0.05620603573725291,0.17521729042969117,35,22,7,64,0.5714285714285714,0.46038571428571423,0.11104285714285717,0.22286246684427,0.7272727272727273,0.4622727272727273,0.265,0.532570826034216,0.5714285714285714,0.45357142857142857,0.11785714285714283
liquipedia.net/valorant|SPORTS|other,liquipedia.net/valorant,SPORTS,other,5414657705131,0.4,0.5,4,6,-1,0.4430379746835443,0.05769159467126217,0.17050819041386553,316,152,0,468,0.4430379746835443,0.48278322784810124,0.03974525316455696,0.08006755441561887,0.34210526315789475,0.47827631578947366,0.13617105263157891,0.27263480606509033,,,
hltv.org|SPORTS|over_under,hltv.org,SPORTS,over_under,139038869715901,0.5,0.6,12,24,-1,0.5128205128205128,0.056098980050371006,0.17029332933487876,39,199,89,327,0.5128205128205128,0.5177179487179487,0.004897435897435964,0.010183460181271137,0.3869346733668342,0.5122361809045226,0.12530150753768843,0.2508808537235409,0.42696629213483145,0.5118539325842697,0.08488764044943825
UNKNOWN|SPORTS|no_yes,UNKNOWN,SPORTS,no_yes,160000236431083,0.3,0.4,24,1000,-1,0.2682926829268293,0.05889589114242677,0.1677592660043648,82,15,4,101,0.2682926829268293,0.3480121951219512,0.07971951219512191,0.16757542548014343,0.06666666666666667,0.35706666666666664,0.2904,0.609740314211407,0.25,0.3425,0.09250000000000003
twitch.tv/lplenglish|SPORTS|over_under,twitch.tv/lplenglish,SPORTS,over_under,91851442335817,0.4,0.5,6,12,-1,0.264,0.05535028864069097,0.16552475900659283,125,99,0,224,0.264,0.494212,0.23021199999999997,0.46049650085792365,0.3434343434343434,0.49659595959595954,0.1531616161616161,0.30640615916073694,,,
cbf.com.br|SPORTS|no_yes,cbf.com.br,SPORTS,no_yes,150391495513666,0.4,0.5,24,1000,1,0.8064516129032258,0.05017419083934577,0.15346554774865934,31,14,14,59,0.8064516129032258,0.4874193548387097,0.31903225806451607,0.6391517070647135,0.7857142857142857,0.4739285714285714,0.3117857142857143,0.6265305726104232,0.42857142857142855,0.4667857142857143,-0.038214285714285756
hltv.org|SPORTS|over_under,hltv.org,SPORTS,over_under,240830851556141,0.4,0.5,6,12,-1,0.35545023696682465,0.05191847390235643,0.15228789042813087,211,500,163,874,0.35545023696682465,0.486260663507109,0.13081042654028435,0.2618392664218518,0.382,0.477254,0.095254,0.1909743319539717,0.49693251533742333,0.4717484662576687,-0.025184049079754633
hltv.org|SPORTS|over_under,hltv.org,SPORTS,over_under,14962155573764,0.5,0.6,4,6,-1,0.40298507462686567,0.05019945196933434,0.1512808526024433,67,329,97,493,0.40298507462686567,0.5211492537313434,0.11816417910447768,0.23681756238674542,0.4072948328267477,0.5113601823708207,0.10406534954407298,0.20806547261019137,0.3711340206185567,0.5195773195876289,0.14844329896907216
wtatennis.com.spread|SPORTS|over_under,wtatennis.com.spread,SPORTS,over_under,144267799196755,0.4,0.5,6,12,-1,0.44280442804428044,0.051869776431457015,0.15064888672022597,271,587,228,1086,0.44280442804428044,0.4751531365313653,0.032348708487084876,0.06488724170093593,0.37137989778534924,0.4630553662691652,0.09167546848381597,0.18374323439940213,0.39473684210526316,0.4650438596491228,0.07030701754385965
twitch.tv/lcs|SPORTS|over_under,twitch.tv/lcs,SPORTS,over_under,202732778972408,0.5,0.6,24,1000,-1,0.0,0.04757938563922581,0.14303972970324766,19,39,0,58,0.0,0.5089473684210526,0.5089473684210526,1.0181227030805082,0.3076923076923077,0.5117948717948718,0.2041025641025641,0.40833851809584853,,,
liquipedia.net/rocketleague|SPORTS|other,liquipedia.net/rocketleague,SPORTS,other,227221418515293,0.4,0.5,4,6,-1,0.37142857142857144,0.04716700212984237,0.13908843718989733,35,111,9,155,0.37142857142857144,0.4940428571428571,0.12261428571428568,0.24561611705823497,0.35135135135135137,0.4909459459459459,0.13959459459459456,0.2794121453346637,0.1111111111111111,0.4792222222222222,0.3681111111111111
premierleague.com|SPORTS|over_under,premierleague.com,SPORTS,over_under,54274138048074,0.4,0.5,4,6,-1,0.36764705882352944,0.04719633988567862,0.1367854436981112,68,29,3,100,0.36764705882352944,0.45375,0.08610294117647055,0.17303734932491607,0.2413793103448276,0.46827586206896554,0.22689655172413795,0.45611559049235717,0.3333333333333333,0.445,0.11166666666666669
liquipedia.net/rocketleague|SPORTS|other,liquipedia.net/rocketleague,SPORTS,other,236530726794318,0.5,0.6,4,6,1,0.6046511627906976,0.046053877226366,0.13481998012824317,43,50,11,104,0.6046511627906976,0.5119186046511628,0.09273255813953485,0.1857138604777612,0.7,0.51644,0.18355999999999995,0.36672853775633213,0.8181818181818182,0.509090909090909,0.3090909090909092
liquipedia.net/rainbowsix|SPORTS|over_under,liquipedia.net/rainbowsix,SPORTS,over_under,203962834810378,0.4,0.5,6,12,-1,0.47368421052631576,0.04600015131541768,0.13388261654933845,19,16,7,42,0.47368421052631576,0.4980526315789473,0.02436842105263154,0.04874244774388875,0.1875,0.47609375,0.28859375,0.5790423268146728,0.42857142857142855,0.4864285714285715,0.05785714285714294
yahoo.com|FINANCE|no_yes,yahoo.com,FINANCE,no_yes,277530218810227,0.2,0.3,24,1000,-1,0.1702127659574468,0.045013381970599065,0.13326831387842678,47,67,29,143,0.1702127659574468,0.25124468085106383,0.08103191489361702,0.19004066038639297,0.1044776119402985,0.24532835820895524,0.14085074626865673,0.33161897300140214,0.20689655172413793,0.25548275862068964,0.048586206896551715
atptour.com.moneyline|SPORTS|other,atptour.com.moneyline,SPORTS,other,112690965618878,0.4,0.5,24,1000,-1,0.4217687074829932,0.04519708983668641,0.12986880841646128,147,168,94,409,0.4217687074829932,0.469421768707483,0.04765306122448976,0.0961960166910048,0.3392857142857143,0.45895833333333336,0.11967261904761906,0.24027766541171575,0.5638297872340425,0.46132978723404255,-0.10249999999999998
liquipedia.net/valorant|SPORTS|other,liquipedia.net/valorant,SPORTS,other,235874884879626,0.6,0.7,24,1000,-1,0.5692307692307692,0.03216282462117925,0.11784071362694287,65,69,0,134,0.5692307692307692,0.6552307692307693,0.08600000000000008,0.18199312441022036,0.5072463768115942,0.653840579710145,0.14659420289855074,0.307122569704467,,,
efl.com|SPORTS|no_yes,efl.com,SPORTS,no_yes,102722848227685,0.5,0.6,4,6,1,0.7297297297297297,0.040091632955259526,0.11450753920985497,74,23,0,97,0.7297297297297297,0.5427702702702702,0.18695945945945946,0.37478340023068474,0.782608695652174,0.5408695652173913,0.24173913043478268,0.48485542359181727,,,
liquipedia.net/starcraft2|SPORTS|other,liquipedia.net/starcraft2,SPORTS,other,26891846740440,0.5,0.6,4,6,1,0.6413043478260869,0.038240354089053685,0.11132546082351169,92,144,13,249,0.6413043478260869,0.5150434782608696,0.12626086956521732,0.25320997347961627,0.6319444444444444,0.5124583333333333,0.11948611111111107,0.23925967193077746,0.6153846153846154,0.5134615384615384,0.101923076923077
OTHER|OTHER|no_yes,OTHER,OTHER,no_yes,204660159669111,0.4,0.5,24,1000,-1,0.46,0.03789370408606463,0.11039173757985414,50,21,4,75,0.46,0.47121999999999997,0.011219999999999952,0.023458219919786888,0.23809523809523808,0.48880952380952386,0.2507142857142858,0.5020492244972515,0.5,0.45999999999999996,-0.040000000000000036
bundesliga.com|SPORTS|over_under,bundesliga.com,SPORTS,over_under,236653264312689,0.6,0.7,24,1000,1,0.6428571428571429,0.03887873303185052,0.10721319270689628,42,14,0,56,0.6428571428571429,0.6364285714285715,0.00642857142857145,0.013213783267644412,0.9285714285714286,0.6464285714285715,0.28214285714285714,0.592302308229609,,,
atptour.com.spread|SPORTS|over_under,atptour.com.spread,SPORTS,over_under,82485559294159,0.5,0.6,12,24,-1,0.5185995623632386,0.03172465461143731,0.09531257919992148,457,1307,577,2341,0.5185995623632386,0.5191575492341357,0.0005579868708971425,0.0014952285120683833,0.468247895944912,0.527078806426932,0.05883091048201994,0.11859791187617016,0.512998266897747,0.5221403812824957,0.009142114384748767
hltv.org|SPORTS|over_under,hltv.org,SPORTS,over_under,272308389949790,0.4,0.5,12,24,-1,0.3722943722943723,0.033047055285922666,0.094723909889996,231,487,125,843,0.3722943722943723,0.4848636363636364,0.1125692640692641,0.2250245167383797,0.39835728952772076,0.475517453798768,0.07716016427104722,0.1546832334614261,0.488,0.46568,-0.022320000000000007
wtatennis.com.spread|SPORTS|over_under,wtatennis.com.spread,SPORTS,over_under,225456205785925,0.5,0.6,4,6,-1,0.4268456375838926,0.03142507178337861,0.0933843599817374,745,909,261,1915,0.4268456375838926,0.5120140939597315,0.08516845637583892,0.1703396291312789,0.45324532453245325,0.5171617161716172,0.06391639163916396,0.12833775102239456,0.4099616858237548,0.517227969348659,0.1072662835249042
espncricinfo.com|SPORTS|other,espncricinfo.com,SPORTS,other,196613396997538,0.5,0.6,4,6,-1,0.45614035087719296,0.031393369895327816,0.09319432427398394,57,27,12,96,0.45614035087719296,0.5129824561403509,0.056842105263157916,0.11374217015785258,0.2962962962962963,0.5162037037037037,0.21990740740740744,0.4396588699930723,0.5833333333333334,0.5305833333333333,-0.052750000000000075
liquipedia.net/honorofkings|SPORTS|other,liquipedia.net/honorofkings,SPORTS,other,236150551245371,0.5,0.6,12,24,-1,0.45491803278688525,0.031061785791448637,0.09227178956335025,244,333,171,748,0.45491803278688525,0.5130737704918032,0.058155737704918,0.11656607615450515,0.43243243243243246,0.5171771771771771,0.0847447447447447,0.1696404225657535,0.40350877192982454,0.5163742690058479,0.11286549707602339
laliga.com|SPORTS|other,laliga.com,SPORTS,other,156694562928111,0.3,0.4,12,24,1,0.625,0.023342231437091798,0.0878711035842026,24,11,3,38,0.625,0.3520833333333333,0.2729166666666667,0.5802030990752655,0.6363636363636364,0.33045454545454545,0.3059090909090909,0.6570625040217517,0.6666666666666666,0.35333333333333333,0.3133333333333333
ufc.com|SPORTS|no_yes,ufc.com,SPORTS,no_yes,170459276832721,0.5,0.6,6,12,-1,0.43902439024390244,0.02849144676027704,0.08631733056843782,41,18,7,66,0.43902439024390244,0.5353658536585366,0.09634146341463418,0.1940851545013511,0.2777777777777778,0.5372222222222223,0.2594444444444445,0.5204589943680579,0.7142857142857143,0.5564285714285714,-0.15785714285714292
laliga.com|SPORTS|other,laliga.com,SPORTS,other,202966235788219,0.3,0.4,6,12,1,0.64,0.022433140528000883,0.08421717504467924,25,11,6,42,0.64,0.35159999999999997,0.28840000000000005,0.6088375034823734,0.6363636363636364,0.33136363636363636,0.305,0.6531037260717857,0.6666666666666666,0.3325,0.3341666666666666
hltv.org|SPORTS|other,hltv.org,SPORTS,other,4873747661808,0.5,0.6,4,6,1,0.6199095022624435,0.028639635105359385,0.08182112812662733,221,1154,901,2276,0.6199095022624435,0.5387081447963801,0.08120135746606338,0.16259729421810812,0.5797227036395147,0.5223851819757366,0.057337521663778146,0.11468198266519958,0.5316315205327414,0.5190027746947836,0.012628745837957811
ncaa.com.basketball|SPORTS|over_under,ncaa.com.basketball,SPORTS,over_under,222195988866282,0.5,0.6,4,6,1,0.5483761840324763,0.028580199649503757,0.0816177306446393,2956,1102,131,4189,0.5483761840324763,0.514320196211096,0.03405598782138031,0.06832249588406535,0.5807622504537205,0.5228171506352087,0.057945099818511814,0.11614253194528494,0.5725190839694656,0.523293893129771,0.049225190839694566
binance.com/en/trade/BTC_USDT|CRYPTO|no_yes,binance.com/en/trade/BTC_USDT,CRYPTO,no_yes,266549146154586,0.7,0.8,6,12,1,0.8282828282828283,0.028040130929961382,0.0798637922655243,99,14,10,123,0.8282828282828283,0.7517424242424242,0.07654040404040408,0.17883881625757214,1.0,0.7566428571428572,0.24335714285714283,0.5670746387324448,1.0,0.7453000000000001,0.2546999999999999
liquipedia.net/honorofkings|SPORTS|other,liquipedia.net/honorofkings,SPORTS,other,49769113016655,0.5,0.6,24,1000,-1,0.3729508196721312,0.026616952368832658,0.0786081674608138,244,283,107,634,0.3729508196721312,0.5128483606557377,0.13989754098360652,0.2800347260486528,0.43109540636042404,0.5159540636042403,0.0848586572438163,0.1699490706482848,0.40186915887850466,0.5164485981308411,0.11457943925233643
nfl.com.total|SPORTS|over_under,nfl.com.total,SPORTS,over_under,213898069298208,0.5,0.6,4,6,1,0.6923925027563396,0.027160451898606497,0.07656698492870909,907,9,0,916,0.6923925027563396,0.5161532524807056,0.17623925027563392,0.35279473407461637,0.8888888888888888,0.5378333333333334,0.35105555555555545,0.7040497987870395,,,
wtatennis.com.spread|SPORTS|other,wtatennis.com.spread,SPORTS,other,150990084609016,0.3,0.4,4,6,-1,0.23214285714285715,0.02776753467656151,0.07528983842276518,56,150,46,252,0.23214285714285715,0.36609821428571426,0.1339553571428571,0.2788900739545879,0.26,0.36333333333333334,0.10333333333333333,0.21237436958782033,0.30434782608695654,0.3632608695652174,0.058913043478260874
scottishfa.co.uk|SPORTS|over_under,scottishfa.co.uk,SPORTS,over_under,229721655705093,0.7,0.8,4,6,1,0.8,0.026513541560093,0.07447712797094203,20,13,0,33,0.8,0.75525,0.04475000000000007,0.09810679782274272,1.0,0.7453846153846153,0.2546153846153847,0.5844559674517339,,,
atptour.com.moneyline|SPORTS|other,atptour.com.moneyline,SPORTS,other,115894442033145,0.4,0.5,12,24,-1,0.41365461847389556,0.02620474043784843,0.07338724787798401,249,286,115,650,0.41365461847389556,0.46228915662650605,0.048634538152610485,0.0978340241836856,0.3706293706293706,0.45417832167832173,0.0835489510489511,0.16801325821542276,0.41739130434782606,0.44904347826086954,0.03165217391304348
cbf.com.br|SPORTS|no_yes,cbf.com.br,SPORTS,no_yes,181803973326037,0.5,0.6,12,24,1,0.875,0.02529697594866065,0.07175896180098104,16,12,8,36,0.875,0.51784375,0.35715624999999995,0.7154666343332929,0.8333333333333334,0.5266666666666667,0.30666666666666664,0.613496327203615,0.625,0.5225,0.10250000000000004
ncaa.com.basketball|SPORTS|other,ncaa.com.basketball,SPORTS,other,234177419688012,0.4,0.5,4,6,-1,0.4171712802768166,0.02506414723307493,0.0714570678135923,4624,1379,136,6139,0.4171712802768166,0.4902017733564014,0.07303049307958481,0.14623426780454227,0.42857142857142855,0.4799180565627266,0.05134662799129808,0.10291307898396464,0.4264705882352941,0.4709926470588235,0.04452205882352939
rollcall.com|POLITICS|no_yes,rollcall.com,POLITICS,no_yes,195737570686477,0.4,0.5,12,24,-1,0.43103448275862066,0.02536831902152542,0.07120530628057699,58,28,6,92,0.43103448275862066,0.4530172413793103,0.021982758620689657,0.04477675611521749,0.25,0.4589285714285714,0.2089285714285714,0.41978817081434416,0.16666666666666666,0.4741666666666666,0.3075
wtatennis.com.spread|SPORTS|over_under,wtatennis.com.spread,SPORTS,over_under,212559857259564,0.6,0.7,6,12,-1,0.6209677419354839,0.01814706756943074,0.06673795205590692,124,278,99,501,0.6209677419354839,0.6607298387096774,0.03976209677419351,0.0865391186437237,0.5863309352517986,0.6608111510791367,0.0744802158273381,0.1570938667353695,0.5757575757575758,0.6586363636363636,0.08287878787878777
atptour.com.spread|SPORTS|over_under,atptour.com.spread,SPORTS,over_under,276993863193615,0.5,0.6,6,12,-1,0.4956896551724138,0.02152075311907342,0.06410114244877463,464,1256,503,2223,0.4956896551724138,0.5172844827586207,0.0215948275862069,0.043626489986366736,0.47929936305732485,0.52846974522293,0.04917038216560515,0.09931805050634263,0.562624254473161,0.5249304174950299,-0.03769383697813111
twitch.tv/lec|SPORTS|over_under,twitch.tv/lec,SPORTS,over_under,124123377982122,0.5,0.6,4,6,1,0.65625,0.020207236138922835,0.05783507731528196,32,46,0,78,0.65625,0.509421875,0.14682812499999998,0.2935919948318323,0.6739130434782609,0.5094673913043478,0.16444565217391305,0.3289627188600281,,,
UNKNOWN|POLITICS|no_yes,UNKNOWN,POLITICS,no_yes,271481605308539,0.7,0.8,4,6,1,0.8910256410256411,0.020714106487433104,0.05735994407100128,156,20,2,178,0.8910256410256411,0.7517179487179487,0.13930769230769235,0.32549374154217203,0.95,0.74315,0.20684999999999998,0.4771414935325147,0.5,0.7625,-0.26249999999999996
ncaa.com.basketball|SPORTS|over_under,ncaa.com.basketball,SPORTS,over_under,262136274858664,0.4,0.5,4,6,-1,0.47678514249119436,0.01999189847066829,0.05713196027133465,3123,1279,178,4580,0.47678514249119436,0.49286615433877684,0.016081011847582483,0.03220406053989602,0.44175136825645034,0.48909343236903824,0.0473420641125879,0.0948327067477189,0.38764044943820225,0.48752808988764046,0.09988764044943821
wtatennis.com.spread|SPORTS|other,wtatennis.com.spread,SPORTS,other,266363403580946,0.5,0.6,4,6,-1,0.3699421965317919,0.019016322692739007,0.0559625648657322,173,180,34,387,0.3699421965317919,0.5109219653179191,0.14097976878612722,0.2818209202301719,0.42777777777777776,0.5198388888888889,0.0920611111111111,0.18458397922532427,0.5588235294117647,0.5356176470588235,-0.023205882352941187
ncaa.com.basketball|SPORTS|other,ncaa.com.basketball,SPORTS,other,262694605583338,0.7,0.8,12,24,1,0.759375,0.019543997861796836,0.05445356158907085,320,145,7,472,0.759375,0.7497171875,0.009657812499999974,0.02430296994049077,0.8413793103448276,0.7536758620689655,0.08770344827586207,0.20502778885341125,0.5714285714285714,0.7471428571428572,-0.17571428571428582
wtatennis.com.moneyline|SPORTS|other,wtatennis.com.moneyline,SPORTS,other,177173005992817,0.7,0.8,6,12,-1,0.7142857142857143,0.011733646575526224,0.053589387988059414,91,89,21,201,0.7142857142857143,0.7491758241758242,0.03489010989010988,0.08439901747356089,0.6404494382022472,0.7441573033707866,0.10370786516853936,0.22742503745625275,0.9047619047619048,0.7473809523809524,-0.1573809523809524
UNKNOWN|SPORTS|no_yes,UNKNOWN,SPORTS,no_yes,36056270283711,0.3,0.4,6,12,-1,0.29577464788732394,0.019959380489123102,0.053449134097300864,71,8,2,81,0.29577464788732394,0.3562394366197183,0.06046478873239436,0.1253158556215221,0.0,0.344375,0.344375,0.7252139902654271,0.5,0.35750000000000004,-0.14249999999999996
atptour.com.spread|SPORTS|over_under,atptour.com.spread,SPORTS,over_under,128680674642079,0.3,0.4,12,24,1,0.36904761904761907,0.013465341520077112,0.0477761479944862,84,293,69,446,0.36904761904761907,0.35101190476190475,0.01803571428571432,0.037462901017583254,0.4232081911262799,0.35452218430034127,0.06868600682593862,0.14531225633284814,0.4057971014492754,0.3541304347826087,0.051666666666666694
atptour.com.spread|SPORTS|over_under,atptour.com.spread,SPORTS,over_under,265720014545457,0.3,0.4,24,1000,1,0.375,0.013188460279644099,0.04708219059955835,24,110,54,188,0.375,0.32664583333333336,0.04835416666666664,0.10070940369838238,0.45454545454545453,0.3514090909090909,0.10313636363636364,0.21842530331942656,0.42592592592592593,0.3465740740740741,0.07935185185185184
ufc.com|SPORTS|over_under,ufc.com,SPORTS,over_under,248556599298849,0.4,0.5,4,6,1,0.5625,0.015523223771020556,0.04629011616932101,48,20,10,78,0.5625,0.4739583333333333,0.08854166666666669,0.17848086018730455,0.7,0.4655,0.23449999999999993,0.46951355291020747,0.8,0.476,0.32400000000000007
ligue1.com|SPORTS|over_under,ligue1.com,SPORTS,over_under,251296119604117,0.4,0.5,6,12,-1,0.3157894736842105,0.016544029307176522,0.046119573836233746,38,27,1,66,0.3157894736842105,0.45197368421052636,0.13618421052631585,0.2726723599406184,0.25925925925925924,0.4633333333333333,0.20407407407407407,0.4081943369499355,0.0,0.465,0.465
nba.com.total|SPORTS|no_yes,nba.com.total,SPORTS,no_yes,64729574745887,0.6,0.7,24,1000,-1,0.47058823529411764,0.012105020113181708,0.043005388840208277,17,21,16,54,0.47058823529411764,0.6629411764705883,0.19235294117647062,0.4125748729877157,0.42857142857142855,0.6466428571428571,0.21807142857142853,0.46423273300478046,0.375,0.6775,0.3025
nba.com.total|SPORTS|over_under,nba.com.total,SPORTS,over_under,94853293729463,0.3,0.4,24,1000,1,0.375,0.011867587397613899,0.04013884202481131,32,12,1,45,0.375,0.36890625,0.006093750000000009,0.011841875108187652,0.6666666666666666,0.37875,0.28791666666666665,0.6001017883560228,1.0,0.365,0.635
nba.com.spread|SPORTS|other,nba.com.spread,SPORTS,other,68552688303473,0.7,0.8,4,6,1,0.7575757575757576,0.013864887348994603,0.03792472847216334,132,71,37,240,0.7575757575757576,0.7415909090909091,0.01598484848484849,0.04114013218306959,0.8591549295774648,0.7459154929577465,0.11323943661971825,0.25825482990890836,0.7297297297297297,0.7448648648648648,-0.015135135135135092
liquipedia.net/honorofkings|SPORTS|other,liquipedia.net/honorofkings,SPORTS,other,235235042691816,0.5,0.6,6,12,-1,0.47619047619047616,0.012051339623885715,0.03516507153208378,252,344,150,746,0.47619047619047616,0.5127876984126984,0.03659722222222228,0.07321844489231652,0.45348837209302323,0.5183735465116279,0.0648851744186047,0.1298046869221449,0.4266666666666667,0.5166333333333334,0.0899666666666667
liquipedia.net/honorofkings|SPORTS|other,liquipedia.net/honorofkings,SPORTS,other,233998753110325,0.4,0.5,4,6,-1,0.4888888888888889,0.012098107747769538,0.034473271098915015,180,276,96,552,0.4888888888888889,0.4920583333333333,0.003169444444444447,0.0067932154475601305,0.42391304347826086,0.49496557971014493,0.07105253623188407,0.14243972733714633,0.3645833333333333,0.4928020833333333,0.12821875
cbf.com.br|SPORTS|over_under,cbf.com.br,SPORTS,over_under,104280738925080,0.7,0.8,12,24,1,0.9333333333333333,0.009922001979924655,0.026689307083441447,15,18,13,46,0.9333333333333333,0.7463333333333334,0.18699999999999994,0.4220635225070246,0.9444444444444444,0.7325,0.21194444444444438,0.4723464558356692,0.9230769230769231,0.7273076923076923,0.1957692307692308
legaseriea.it|SPORTS|no_yes,legaseriea.it,SPORTS,no_yes,258590274513624,0.4,0.5,6,12,-1,0.4485981308411215,0.008201508050879769,0.022743554409629652,107,42,2,151,0.4485981308411215,0.4608878504672897,0.012289719626168205,0.02446899812588029,0.30952380952380953,0.4684642857142857,0.1589404761904762,0.3177279959467351,0.5,0.48225,-0.017749999999999988
liquipedia.net/dota2|SPORTS|other,liquipedia.net/dota2,SPORTS,other,58808338127453,0.3,0.4,6,12,1,0.3708609271523179,0.005855287970997547,0.021014046396419305,151,40,0,191,0.3708609271523179,0.35394370860927155,0.016917218543046342,0.038367849992979985,0.5,0.3461375,0.1538625,0.32627008490947984,,,
wtatennis.com.moneyline|SPORTS|other,wtatennis.com.moneyline,SPORTS,other,252625172442225,0.4,0.5,6,12,1,0.5751295336787565,0.006357553291199136,0.01913579354198317,193,167,65,425,0.5751295336787565,0.4606217616580311,0.11450777202072543,0.22976878195918063,0.5329341317365269,0.45101796407185624,0.08191616766467069,0.1647383444365684,0.49230769230769234,0.4502307692307692,0.04207692307692312
legaseriea.it|SPORTS|no_yes,legaseriea.it,SPORTS,no_yes,72115695105912,0.4,0.5,12,24,-1,0.45098039215686275,0.005728212384266962,0.015887068892087425,102,49,1,152,0.45098039215686275,0.4622549019607843,0.011274509803921529,0.02256988323553091,0.32653061224489793,0.4719387755102041,0.14540816326530615,0.28990993255626796,1.0,0.465,-0.5349999999999999
legaseriea.it|SPORTS|over_under,legaseriea.it,SPORTS,over_under,250930721239647,0.6,0.7,4,6,1,0.673469387755102,0.00577791565056196,0.015153919734418245,49,21,1,71,0.673469387755102,0.6562244897959184,0.017244897959183603,0.03457198943830278,0.8571428571428571,0.6478571428571429,0.20928571428571419,0.44356786082639105,1.0,0.655,0.345
ncaa.com.basketball|SPORTS|other,ncaa.com.basketball,SPORTS,other,190280325040045,0.6,0.7,24,1000,-1,0.6287262872628726,0.0039388815026109025,0.014009568432082113,369,164,11,544,0.6287262872628726,0.6509552845528456,0.022228997289972963,0.04834371493050548,0.573170731707317,0.6502835365853659,0.07711280487804884,0.16103156944609504,0.6363636363636364,0.6554545454545454,0.019090909090909047
atptour.com.spread|SPORTS|over_under,atptour.com.spread,SPORTS,over_under,36073929818953,0.4,0.5,4,6,-1,0.40875912408759124,0.004990278791794589,0.01389502846689239,274,742,424,1440,0.40875912408759124,0.4832755474452554,0.07451642335766417,0.14981524358623594,0.4366576819407008,0.4775707547169811,0.04091307277628031,0.0821977335295127,0.419811320754717,0.4875117924528302,0.06770047169811322
wtatennis.com.spread|SPORTS|over_under,wtatennis.com.spread,SPORTS,over_under,244268106909873,0.3,0.4,12,24,1,0.48936170212765956,0.004021543205412648,0.01367067037555092,94,186,77,357,0.48936170212765956,0.36250000000000004,0.12686170212765951,0.263878073907674,0.44623655913978494,0.3725806451612903,0.07365591397849464,0.15364171560447956,0.42857142857142855,0.36396103896103893,0.06461038961038962
cbf.com.br|SPORTS|over_under,cbf.com.br,SPORTS,over_under,34784779660207,0.4,0.5,4,6,1,0.6888888888888889,0.002689660879340028,0.007927972272881514,45,12,10,67,0.6888888888888889,0.46544444444444444,0.22344444444444445,0.4496997027568845,0.75,0.465,0.285,0.5722154690588092,0.5,0.4615,0.03849999999999998
yahoo.com|FINANCE|no_yes,yahoo.com,FINANCE,no_yes,139244978364915,0.4,0.5,12,24,-1,0.4393939393939394,0.002738136425733617,0.007490100253278763,198,58,32,288,0.4393939393939394,0.4834595959595959,0.04406565656565653,0.08808877808707051,0.3275862068965517,0.4585,0.1309137931034483,0.26284901546543216,0.4375,0.453375,0.015874999999999972
hltv.org|SPORTS|over_under,hltv.org,SPORTS,over_under,34067082489611,0.5,0.6,24,1000,-1,0.34782608695652173,0.0024354040695373502,0.006965073983450384,46,133,58,237,0.34782608695652173,0.5113260869565217,0.16349999999999998,0.3277366516287589,0.42105263157894735,0.5084586466165414,0.08740601503759404,0.17476222172232392,0.41379310344827586,0.5114655172413793,0.09767241379310349
liquipedia.net/rocketleague|SPORTS|other,liquipedia.net/rocketleague,SPORTS,other,152018694092250,0.4,0.5,12,24,-1,0.42105263157894735,0.0013312222827988607,0.003751085304767477,38,92,0,130,0.42105263157894735,0.4952763157894737,0.07422368421052633,0.14867540221938783,0.391304347826087,0.4947989130434783,0.10349456521739131,0.20694424615214482,,,
